Date,Close/Last,Volume,Open,High,Low
05/18/2021,17.49,2799782,17.6,17.6,17.0912
05/17/2021,17.46,3478294,16.37,17.55,16.3
05/14/2021,16.22,1771774,15.9,16.3,15.853
05/13/2021,15.56,2282041,16,16.1,15.4
05/12/2021,16.2,1745907,16.7,16.8999,16.12
05/11/2021,16.82,1705818,16.1,16.82,15.93
05/10/2021,16.46,2442746,17.1,17.19,16.41
05/07/2021,16.73,1547708,16.6,16.79,16.3447
05/06/2021,16.48,2438194,15.73,16.64,15.7098
05/05/2021,15.56,356258,15.65,15.65,14.73
05/04/2021,15.53,2394633,15.87,16.1,15.37
05/03/2021,15.92,1688576,15.4,15.96,15.315
04/30/2021,15.04,943843,15.26,15.42,15.02
04/29/2021,15.37,1176944,15.6,15.68,15.1
04/28/2021,15.72,1022749,15.36,15.85,15.18
04/27/2021,15.53,1033254,15.95,16,15.51
04/26/2021,15.86,972255,15.84,15.908,15.655
04/23/2021,15.76,992372,15.87,16.04,15.6
04/22/2021,15.73,1530598,16.11,16.145,15.63
04/21/2021,16.29,1544984,15.82,16.29,15.6822
04/20/2021,15.64,1135529,15.58,15.76,15.4
04/19/2021,15.63,1164344,15.9,15.9502,15.51
04/16/2021,15.95,1273931,16.25,16.26,15.84
04/15/2021,16.02,1866319,15.56,16.16,15.53
04/14/2021,15.26,823245,15.45,15.57,15.25
04/13/2021,15.53,1331949,15.51,15.72,15.42
04/12/2021,15.2,1607482,15.67,15.69,15.15
04/09/2021,15.69,1489301,15.36,15.79,15.35
04/08/2021,15.85,1465210,15.51,15.89,15.45
04/07/2021,15.17,926582,15.45,15.45,15.113
04/06/2021,15.53,1345825,15.12,15.6799,15.1
04/05/2021,15,980364,15.12,15.25,14.87
04/01/2021,15.05,1711079,14.69,15.05,14.66
03/31/2021,14.43,1526582,13.97,14.49,13.941
03/30/2021,13.91,1706132,13.86,14.0599,13.755
03/29/2021,14.31,1856343,14.45,14.5099,13.9489
03/26/2021,14.61,1053486,14.31,14.64,14.31
03/25/2021,14.34,1278070,14.2,14.49,14.0376
03/24/2021,14.34,1007784,14.67,14.76,14.335
03/23/2021,14.57,1547624,15.17,15.22,14.49
03/22/2021,15.38,614882,15.45,15.64,15.35
03/19/2021,15.6,806246,15.67,15.73,15.4
03/18/2021,15.59,1511227,15.71,16.0899,15.5
03/17/2021,16.08,1476431,15.49,16.295,15.3
03/16/2021,15.6,817724,15.74,15.74,15.4794
03/15/2021,15.82,1389642,15.47,15.8454,15.4063
03/12/2021,15.37,1063782,14.77,15.39,14.65
03/11/2021,15.25,1026099,15.05,15.255,14.9136
03/10/2021,14.94,1185108,14.82,15,14.6401
03/09/2021,14.81,1569617,15.01,15.13,14.62
03/08/2021,14.27,1013526,14.49,14.63,14.17
03/05/2021,14.54,2965881,14.43,14.57,13.73
03/04/2021,14.39,3135433,14.76,14.99,13.92
03/03/2021,14.85,1891996,15,15.145,14.56
03/02/2021,15.39,1672051,14.96,15.61,14.91
03/01/2021,14.87,2890654,15.8,15.8497,14.76
02/26/2021,15.41,3332927,15.92,16,15.01
02/25/2021,16.36,2830908,17.17,17.3999,16.195
02/24/2021,17.35,2582287,16.43,17.41,16.25
02/23/2021,16.67,2830440,16.57,16.6999,15.8
02/22/2021,16.85,2837556,15.88,16.95,15.765
02/19/2021,15.57,1271622,15.46,15.74,15.3905
02/18/2021,15.25,1289381,15.58,15.7199,15.07
02/17/2021,15.57,1599026,15.62,15.64,15.27
02/16/2021,15.8,2377495,15.73,16.18,15.6401
02/12/2021,15.75,1470216,15.5,15.99,15.25
02/11/2021,15.59,1718032,15.96,15.9989,15.3725
02/10/2021,15.8,1293762,16.17,16.194,15.5501
02/09/2021,15.98,1414971,16.2,16.22,15.81
02/08/2021,16.1,1898732,16.11,16.23,15.85
02/05/2021,15.59,1510992,15.42,15.64,15.119
02/04/2021,15.13,2468242,14.94,15.19,14.51
02/03/2021,15.35,1454262,15.84,15.855,15.28
02/02/2021,15.42,4681910,16.2,16.3,15.35
02/01/2021,17.78,8724672,18.46,18.84,17.0101
01/29/2021,15.53,4464974,16.13,16.35,15.3603
01/28/2021,15.01,4818519,15.24,15.61,14.43
01/27/2021,13.64,2049044,14.05,14.12,13.44
01/26/2021,14.32,711394,14.36,14.555,14.28
01/25/2021,14.34,1061401,14.81,14.85,14.23
01/22/2021,14.59,1287291,14.35,14.7899,14.21
01/21/2021,14.88,1194941,15.18,15.28,14.7
01/20/2021,15.18,1965472,14.76,15.23,14.7
01/19/2021,14.42,1223303,14.52,14.58,14.21
01/15/2021,14.15,2774605,15,15.015,14.15
01/14/2021,15.14,1335182,15.09,15.4,15.0319
01/13/2021,15.05,1677505,15.6,15.605,15.0406
01/12/2021,15.61,1959420,15.51,15.64,15.16
01/11/2021,15.42,1792476,15.52,15.72,15.31
01/08/2021,15.95,5687783,16.8,16.8,15.57
01/07/2021,17.2,1229141,17.27,17.54,16.96
01/06/2021,17.34,2988804,17.18,17.43,16.83
01/05/2021,17.41,2003709,17.53,17.63,17.015
01/04/2021,17.27,2887689,17.11,17.48,16.86
12/31/2020,16.31,1989045,16.53,16.62,16.08
12/30/2020,16.55,1976492,15.77,16.55,15.7
12/29/2020,15.7,1367125,15.85,15.9433,15.44
12/28/2020,15.77,2274229,16.01,16.25,15.67
12/24/2020,15.59,741621,15.46,15.6899,15.27
12/23/2020,15.47,1030427,15.32,15.57,15.2
12/22/2020,15.11,2115873,15.81,15.9,14.96
12/21/2020,15.79,2194574,15.62,15.95,15.42
12/18/2020,15.41,1311643,15.89,15.91,15.4
12/17/2020,15.9,3191333,15.51,15.92,15.48
12/16/2020,15.03,1995001,14.63,15.03,14.44
12/15/2020,14.34,994481,13.98,14.355,13.93
12/14/2020,13.56,873815,13.99,14.15,13.53
12/11/2020,14.06,615392,14.23,14.45,14.03
12/10/2020,14.31,494970,14.3,14.55,14.15
12/09/2020,14.16,1282839,14.52,14.58,13.9
12/08/2020,14.66,724510,14.86,14.91,14.61
12/07/2020,14.79,1195510,14.25,14.97,14.25
12/04/2020,14.32,758169,14.3,14.5,14.19
12/03/2020,14.3,1014889,14.61,14.65,14.2207
12/02/2020,14.55,1058751,14.55,14.62,14.3038
12/01/2020,14.55,2073137,14.36,14.55,14.05
11/30/2020,13.69,1174208,13.46,13.76,13.2203
11/27/2020,13.58,804948,13.1,13.62,13.1
11/25/2020,13.58,759538,13.57,13.7248,13.4301
11/24/2020,13.39,1638649,13.22,13.48,13.15
11/23/2020,13.57,1340026,13.94,14.01,13.44
11/20/2020,14.07,606605,14.15,14.405,14.05
11/19/2020,13.92,1112446,13.75,14.0342,13.65
11/18/2020,13.96,1219950,14.43,14.4409,13.96
11/17/2020,14.43,485826,14.7,14.7799,14.33
11/16/2020,14.77,802841,14.71,15,14.58
11/13/2020,14.7,675418,14.99,14.99,14.6491
11/12/2020,14.51,884044,14.55,14.87,14.4571
11/11/2020,14.27,861594,14.31,14.465,14.2113
11/10/2020,14.51,1107046,15.15,15.15,14.48
11/09/2020,14.96,2981861,15.15,15.15,14.55
11/06/2020,15.98,2606679,16.01,16.1435,15.7145
11/05/2020,15.74,3227587,14.77,15.8,14.75
11/04/2020,14.06,839234,14.6,14.6465,14.043
11/03/2020,14.6,1061583,14.45,14.7,14.25
11/02/2020,14.19,859094,13.95,14.225,13.6802
10/30/2020,13.7,1070943,13.8,13.9,13.25
10/29/2020,13.55,748490,13.1,13.61,13.08
10/28/2020,13.31,1378263,13.91,14,13.22
10/27/2020,14.55,535396,14.26,14.56,14.14
10/26/2020,14.22,1189467,14.44,14.74,14.22
10/23/2020,14.68,540428,14.75,14.8477,14.46
10/22/2020,14.78,651760,14.78,14.86,14.5
10/21/2020,15.05,1403090,14.87,15.24,14.8098
10/20/2020,14.66,629093,14.41,14.75,14.3001
10/19/2020,14.38,1013631,14.97,15.0718,14.28
10/16/2020,14.68,564807,15,15.08,14.63
10/15/2020,14.95,594444,14.7,15.009,14.65
10/14/2020,15.14,986900,15.07,15.32,14.94
10/13/2020,14.88,848440,14.78,14.9,14.41
10/12/2020,15.09,1202930,15.05,15.2235,14.8117
10/09/2020,15.03,1766029,14.53,15.05,14.45
10/08/2020,14.1,827160,13.9,14.1,13.82
10/07/2020,13.76,462358,13.73,13.95,13.62
10/06/2020,13.62,895285,14.29,14.4,13.5204
10/05/2020,14.3,570085,14.02,14.38,14.02
10/02/2020,13.9,560429,13.94,14.11,13.76
10/01/2020,14.1,574320,14,14.25,13.85
09/30/2020,13.81,1090314,13.79,14.02,13.59
09/29/2020,13.96,1117076,13.82,14.06,13.69
09/28/2020,13.59,916000,13.73,13.83,13.42
09/25/2020,13.44,506681,13.43,13.56,13.21
09/24/2020,13.59,1628831,12.8,13.79,12.79
09/23/2020,13.1,2102703,14.02,14.1299,12.98
09/22/2020,14.43,785844,14.43,14.53,14.18
09/21/2020,14.42,2102229,14.75,15.05,14.09
09/18/2020,15.4,593590,15.6,15.8,15.34
09/17/2020,15.62,645285,15.26,15.67,15.07
09/16/2020,15.76,731025,15.9,16,15.56
09/15/2020,15.7,1062617,16,16.09,15.5001
09/14/2020,15.73,927541,15.23,15.73,15.18
09/11/2020,14.93,724471,15.31,15.505,14.86
09/10/2020,15.2,1408816,15.71,15.795,15.1
09/09/2020,15.5,806251,15.01,15.51,15
09/08/2020,14.89,1200915,14.6,15.23,14.35
09/04/2020,15.19,965555,15.36,15.385,14.41
09/03/2020,15.3,1148938,15.32,15.56,14.7633
09/02/2020,15.49,1188813,15.61,15.68,14.91
09/01/2020,15.82,1682716,16.4,16.4496,15.5307
08/31/2020,16.01,1941673,15.88,16.17,15.69
08/28/2020,15.64,1866708,15.33,15.75,15.22
08/27/2020,14.92,1748957,15.53,15.5864,14.56
08/26/2020,15.2,1639305,14.35,15.2008,14.3
08/25/2020,14.53,1202334,14.64,14.64,14.06
08/24/2020,14.63,1137392,15.02,15.05,14.52
08/21/2020,14.81,1430383,14.93,15.02,14.63
08/20/2020,15.31,1207263,14.95,15.34,14.85
08/19/2020,15.02,1276466,15.48,15.57,14.89
08/18/2020,15.62,1246311,16.23,16.26,15.381
08/17/2020,15.8,1266654,15.67,15.8,15.37
08/14/2020,15.04,1029732,15.08,15.24,14.73
08/13/2020,15.24,1993832,14.81,15.44,14.74
08/12/2020,14.53,1449263,14.85,14.91,14.51
08/11/2020,14.39,2817522,14.89,15.15,14.3
08/10/2020,15.91,1535025,16.11,16.62,15.809
08/07/2020,15.8,1990097,16.18,16.33,15.49
08/06/2020,16.57,2860377,17.19,17.19,16.2
08/05/2020,16.62,2627260,17.03,17.21,16.3204
08/04/2020,16.45,2047227,15.52,16.47,15.44
08/03/2020,15.52,1316841,15.58,15.63,15.09
07/31/2020,15.59,1660943,15.54,15.72,15.38
07/30/2020,15.1,1807081,15.11,15.59,14.87
07/29/2020,15.71,1721994,15.86,16.02,15.35
07/28/2020,15.85,1939086,15.84,16.23,15.6401
07/27/2020,16.11,3679794,16.24,16.46,15.8601
07/24/2020,15.27,2283657,15.01,15.41,14.91
07/23/2020,14.87,3887050,15.28,15.52,14.52
07/22/2020,15.47,4292249,15.39,15.64,15.06
07/21/2020,14.84,4553636,15.25,15.34,14.67
07/20/2020,14.43,3280821,13.94,14.48,13.832
07/17/2020,13.54,1497100,13.15,13.57,13.1
07/16/2020,12.95,1639174,13.03,13.29,12.75
07/15/2020,13.27,1608282,13.07,13.28,12.77
07/14/2020,13,1951525,12.4,13.03,12.3
07/13/2020,12.48,2616503,13.37,13.4199,12.43
07/10/2020,12.84,1388933,13.08,13.09,12.76
07/09/2020,12.84,2401553,13.09,13.24,12.47
07/08/2020,12.83,2108209,12.56,12.9,12.51
07/07/2020,12.17,1347852,11.82,12.27,11.775
07/06/2020,11.89,1236227,12.04,12.1,11.72
07/02/2020,11.73,810411,11.78,12.08,11.691
07/01/2020,11.81,1905177,12.1,12.1,11.47
06/30/2020,12.04,1798789,11.39,12.08,11.31
06/29/2020,11.39,502996,11.3,11.43,11.24
06/26/2020,11.28,925751,11.1,11.34,10.76
06/25/2020,11.23,670515,11.07,11.31,10.89
06/24/2020,11.06,1441680,11.21,11.42,10.8608
06/23/2020,11.47,1380919,11.5,11.59,11.3224
06/22/2020,11.25,2473986,11.04,11.5299,10.98
06/19/2020,10.66,1148256,10.57,10.96,10.481
06/18/2020,10.31,597637,10.51,10.7,10.27
06/17/2020,10.63,967847,10.84,10.93,10.58
06/16/2020,10.79,748204,11.25,11.28,10.7
06/15/2020,11.17,1058756,10.5,11.22,10.25
06/12/2020,10.88,1132822,11.16,11.42,10.75
06/11/2020,10.97,1564328,12.07,12.07,10.8
06/10/2020,12.14,945900,11.8,12.14,11.21
06/09/2020,11.47,597758,11.71,11.84,11.395
06/08/2020,11.6,904004,11.59,11.7,11.26
06/05/2020,11.33,1250064,11.2,11.47,10.89
06/04/2020,11.64,736048,11.71,11.8,11.46
06/03/2020,11.38,1500591,11.36,11.61,11.15
06/02/2020,11.8,1759214,12.63,12.63,11.71
06/01/2020,12.57,2094628,12.01,12.57,11.95
05/29/2020,11.8,1569307,11.6,11.87,11.46
05/28/2020,11.14,1030033,11.44,11.5666,11.05
05/27/2020,11.15,1104320,10.57,11.15,10.4
05/26/2020,10.94,943310,11.52,11.59,10.86
05/22/2020,11.37,641923,11.61,11.84,11.37
05/21/2020,11.5,1047090,11.64,11.72,11.12
05/20/2020,11.91,1238786,11.8,12.04,11.7
05/19/2020,11.64,1677303,11.3,11.88,11.155
05/18/2020,11.11,2126154,11.18,11.37,10.81
05/15/2020,10.72,1585077,10.06,10.73,10.05
05/14/2020,9.63,591665,9.35,9.65,9.2201
05/13/2020,9.3,626171,9.57,9.71,9.1
05/12/2020,9.41,595202,9.5,9.93,9.36
05/11/2020,9.55,557464,9.87,9.88,9.42
05/08/2020,9.88,814077,9.9,10.16,9.79
05/07/2020,9.79,933622,9.4,9.919,9.25
05/06/2020,9.39,432998,9.42,9.56,9.25
05/05/2020,9.56,346943,9.59,9.7,9.35
05/04/2020,9.57,471419,9.44,9.69,9.38
05/01/2020,9.45,376666,9.14,9.49,9.03
04/30/2020,9.35,710904,9.54,9.87,9.3204
04/29/2020,9.91,669209,9.52,9.91,9.46
04/28/2020,9.44,568200,9.33,9.5,9.07
04/27/2020,9.3,705336,9.05,9.3,8.88
04/24/2020,9.03,597447,9.23,9.28,8.72
04/23/2020,9.05,838929,9.04,9.58,8.9
04/22/2020,8.91,536829,8.7,8.96,8.551
04/21/2020,8.45,390163,8.24,8.4899,8.2
04/20/2020,8.6,418718,8.25,8.7339,8.25
04/17/2020,8.32,397549,8.46,8.6,8.22
04/16/2020,8.65,392657,8.59,8.85,8.43
04/15/2020,8.52,567240,8.46,8.75,8.23
04/14/2020,8.88,1129035,9.13,9.57,8.62
04/13/2020,8.8,1135361,8.04,8.88,7.58
04/09/2020,8.09,1121784,7.65,8.12,7.635
04/08/2020,7.29,348460,7.3,7.51,7.21
04/07/2020,7.21,506263,7.42,7.655,7.15
04/06/2020,7.19,563381,7,7.4,6.9301
04/03/2020,6.65,444181,6.87,7,6.6
04/02/2020,6.86,491032,6.83,7.1764,6.79
04/01/2020,6.63,328936,6.71,6.82,6.43
03/31/2020,6.65,348350,6.63,7.08,6.62
03/30/2020,6.78,435555,6.93,7.33,6.61
03/27/2020,7.02,470728,7.57,7.61,6.99
03/26/2020,7.77,721015,8.09,8.43,7.6
03/25/2020,7.99,663017,7.7,8.18,7.35
03/24/2020,7.66,875474,7.35,7.74,7.23
03/23/2020,6.58,794430,6.29,6.8099,5.9
03/20/2020,6.06,677612,7.1,7.16,5.92
03/19/2020,6.46,725038,5.99,7.21,5.6703
03/18/2020,5.95,732926,6.77,7.236,5.9
03/17/2020,6.89,1021611,6.08,7.67,6.0006
03/16/2020,6.21,1038013,5,6.4,4.84
03/13/2020,5.58,974443,6.4,6.77,5.47
03/12/2020,6.2,883985,6.9,7.0899,5.78
03/11/2020,7.58,786941,8.36,8.37,7.39
03/10/2020,8.33,493236,8.47,8.558,8.0102
03/09/2020,8.32,551607,8.52,8.99,8.32
03/06/2020,9.28,853761,9.6,9.65,8.99
03/05/2020,9.56,360408,9.6,9.66,9.32
03/04/2020,9.42,579108,9.55,9.6543,9.1401
03/03/2020,9.39,1008352,9.31,9.8906,9.18
03/02/2020,9.14,704986,8.84,9.17,8.7894
02/28/2020,8.6,2530834,8.69,8.845,8.1412
02/27/2020,9.48,1493312,10.5,10.5702,9.47
02/26/2020,10.41,890159,10.64,10.71,10.4
02/25/2020,10.65,607081,10.94,11.13,10.62
02/24/2020,11.11,1555180,11.82,11.82,10.94
02/21/2020,11.389,859894,11.55,11.58,11.31
02/20/2020,11.29,567619,11.22,11.52,11.1638
02/19/2020,11.24,853090,11.28,11.3,11.1
02/18/2020,11.1,651780,10.73,11.1,10.64
02/14/2020,10.52,286950,10.64,10.7299,10.45
02/13/2020,10.57,293188,10.62,10.71,10.55
02/12/2020,10.54,252253,10.69,10.69,10.51
02/11/2020,10.7,151124,10.67,10.765,10.54
02/10/2020,10.66,245386,10.74,10.78,10.58
02/07/2020,10.68,323408,11.04,11.0404,10.63
02/06/2020,10.98,310954,10.87,11.02,10.8069
02/05/2020,10.71,193723,10.56,10.78,10.56
02/04/2020,10.55,526160,10.59,10.6399,10.36
02/03/2020,10.71,180268,10.93,10.93,10.61
01/31/2020,10.93,417967,10.89,11.14,10.8727
01/30/2020,10.91,475980,11.09,11.14,10.8261
01/29/2020,10.98,408879,10.67,11,10.61
01/28/2020,10.66,521839,10.98,11.04,10.6
01/27/2020,11.04,565835,11.5,11.54,11
01/24/2020,11.26,314976,11.04,11.3,11.01
01/23/2020,11.06,228374,11.03,11.29,11.015
01/22/2020,11.16,166203,11.11,11.253,11.09
01/21/2020,11.11,792861,10.95,11.12,10.771
01/17/2020,11.03,924325,11.58,11.58,11.02
01/16/2020,11.54,526568,11.55,11.5699,11.4
01/15/2020,11.56,356371,11.5,11.65,11.3
01/14/2020,11.31,344829,11.04,11.3324,11.04
01/13/2020,11.13,301645,11.31,11.31,11.06
01/10/2020,11.39,298151,11.22,11.492,11.22
01/09/2020,11.19,505833,11.19,11.37,11.1705
01/08/2020,11.38,873450,12.01,12.01,11.36
01/07/2020,12.01,408877,11.86,12.1,11.8
01/06/2020,11.86,1045371,12.45,12.45,11.81
01/03/2020,12.12,1018927,12.56,12.56,12.01
01/02/2020,12.35,538270,12.54,12.6,12.2
12/31/2019,12.44,419135,12.59,12.6582,12.36
12/30/2019,12.43,403794,12.21,12.5,12.1101
12/27/2019,12.22,469104,12.47,12.55,12.21
12/26/2019,12.51,979356,12.5,12.6745,12.27
12/24/2019,12.24,675417,11.86,12.25,11.86
12/23/2019,11.73,468919,11.12,11.78,11.12
12/20/2019,11.07,388117,11.33,11.33,11.04
12/19/2019,11.23,187399,11.32,11.39,11.1101
12/18/2019,11.32,465193,11.25,11.32,11
12/17/2019,11.25,185952,11.4,11.4,11.2226
12/16/2019,11.37,358584,11.5,11.56,11.31
12/13/2019,11.3606,301988,11.13,11.4195,11.11
12/12/2019,11.13,809049,11.4,11.47,10.94
12/11/2019,11.21,627878,10.99,11.245,10.9179
12/10/2019,10.91,294364,10.93,10.985,10.812
12/09/2019,10.79,284371,10.86,10.8699,10.75
12/06/2019,10.79,575197,11.06,11.06,10.75
12/05/2019,11.2,413546,11.02,11.35,11
12/04/2019,11.12,331619,10.98,11.14,10.9
12/03/2019,11.05,415677,10.72,11.11,10.72
12/02/2019,10.63,212119,10.49,10.64,10.3535
11/29/2019,10.5258,141723,10.18,10.56,10.17
11/27/2019,10.25,154701,10.31,10.33,10.0537
11/26/2019,10.35,134649,10.13,10.39,10.095
11/25/2019,10.06,222253,10.05,10.22,10.02
11/22/2019,10.17,150914,10.39,10.4141,10.15
11/21/2019,10.32,280082,10.65,10.6832,10.3
11/20/2019,10.65,263056,10.67,10.74,10.57
11/19/2019,10.64,369777,10.61,10.8272,10.5858
11/18/2019,10.65,284679,10.44,10.67,10.41
11/15/2019,10.41,155353,10.41,10.4975,10.35
11/14/2019,10.44,161205,10.38,10.53,10.3201
11/13/2019,10.36,285653,10.49,10.54,10.36
11/12/2019,10.35,212553,10.2,10.3742,10.01
11/11/2019,10.18,111470,10,10.2399,9.99
11/08/2019,10,239724,9.79,10.19,9.79
11/07/2019,10,589771,10.08,10.23,9.83
11/06/2019,10.19,96185,10.08,10.3,10.0415
11/05/2019,10.08,382449,10.06,10.2099,10
11/04/2019,10.38,299122,10.49,10.55,10.29
11/01/2019,10.55,170321,10.33,10.56,10.2696
10/31/2019,10.35,546087,10.25,10.4234,10.2
10/30/2019,10.13,226083,10.11,10.13,9.86
10/29/2019,10.03,125408,9.89,10.1099,9.81
10/28/2019,10.06,566278,10.2,10.2384,9.98
10/25/2019,10.34,982898,10.43,10.5,10.11
10/24/2019,10.05,255534,9.92,10.05,9.8382
10/23/2019,9.72,191921,9.73,9.81,9.6801
10/22/2019,9.67,196902,9.67,9.71,9.5
10/21/2019,9.68,366349,9.96,10,9.5891
10/18/2019,9.85,178989,9.77,9.95,9.7192
10/17/2019,9.81,299173,9.51,9.89,9.51
10/16/2019,9.47,297468,9.21,9.488,9.16
10/15/2019,9.13,341150,9.39,9.46,9.12
10/14/2019,9.51,111139,9.43,9.59,9.41
10/11/2019,9.37,506121,9.6,9.68,9.35
10/10/2019,9.74,170811,9.8,9.8,9.5504
10/09/2019,9.79,180899,9.96,9.99,9.7
10/08/2019,9.91,339479,9.77,9.96,9.73
10/07/2019,9.66,379726,9.69,9.88,9.66
10/04/2019,9.83,270229,9.65,9.83,9.57
10/03/2019,9.64,283991,9.66,9.9478,9.5
10/02/2019,9.66,463752,9.65,9.8,9.56
10/01/2019,9.5,343554,9.45,9.7617,9.26
09/30/2019,9.46,676509,9.8,9.8373,9.4
09/27/2019,9.99,417547,10,10.16,9.8
09/26/2019,10.17,303150,10.52,10.5881,10.17
09/25/2019,10.52,433035,10.99,10.99,10.42
09/24/2019,11.09,704926,10.84,11.09,10.55
09/23/2019,10.92,599304,10.72,10.92,10.6
09/20/2019,10.36,173745,10.15,10.43,10.096
09/19/2019,10.16,154021,10.12,10.2,10
09/18/2019,10.05,364443,10.31,10.31,9.75
09/17/2019,10.3,400051,10,10.3,9.93
09/16/2019,9.94,335791,10.01,10.16,9.752
09/13/2019,9.79,616267,10.2,10.36,9.78
09/12/2019,10.22,342401,10.57,10.68,10.18
09/11/2019,10.3,270782,10.2,10.4999,10.2
09/10/2019,10.2,308252,10,10.3,9.93
09/09/2019,10.07,519062,10.35,10.39,9.92
09/06/2019,10.3327,491497,10.63,10.85,10.32
09/05/2019,10.63,695619,11.09,11.12,10.56
09/04/2019,11.39,589786,11.42,11.5,11.25
09/03/2019,11.36,736284,11.1,11.57,11.1
08/30/2019,10.87,422509,10.83,11.0654,10.8001
08/29/2019,10.93,920758,11.4,11.48,10.71
08/28/2019,11.32,735026,11.4,11.52,11.08
08/27/2019,11.23,805407,10.79,11.25,10.65
08/26/2019,10.51,603369,10.64,10.79,10.46
08/23/2019,10.56,430452,10.15,10.6,10.11
08/22/2019,10.07,120779,10.12,10.14,10.06
08/21/2019,10.14,177449,10.09,10.18,10.03
08/20/2019,10.14,432614,9.79,10.18,9.79
08/19/2019,9.71,343409,9.51,9.86,9.47
08/16/2019,9.81,485551,10,10.0628,9.78
08/15/2019,10.19,234332,10.03,10.276,10.0015
08/14/2019,10.1,479942,10.54,10.54,10.05
08/13/2019,10.25,732524,10.74,10.76,10.0001
08/12/2019,10.51,389402,10.6,10.79,10.5
08/09/2019,10.55,274223,10.63,10.79,10.51
08/08/2019,10.6946,367753,10.37,10.77,10.25
08/07/2019,10.45,931079,10.7,10.8,10.4081
08/06/2019,10.27,297299,10.32,10.3302,10.1
08/05/2019,10.31,995362,10.26,10.48,10.1693
08/02/2019,9.85,331170,9.84,9.99,9.77
08/01/2019,9.93,473775,9.4,10.05,9.2
07/31/2019,9.72,589801,10.17,10.1711,9.62
07/30/2019,10.17,321114,10.1,10.22,10
07/29/2019,10.05,227306,9.92,10.07,9.791
07/26/2019,9.92,261319,9.97,10.0176,9.7992
07/25/2019,9.89,415376,10.3,10.32,9.84
07/24/2019,10.32,442028,10.17,10.32,10.1
07/23/2019,9.97,620976,10.21,10.25,9.82
07/22/2019,10.11,789901,10.01,10.23,10
07/19/2019,9.99,937237,10.06,10.28,9.752
07/18/2019,10.12,767117,9.69,10.12,9.5501
07/17/2019,9.58,774697,9.16,9.58,9.11
07/16/2019,9.04,452230,8.7,9.11,8.69
07/15/2019,8.63,129897,8.64,8.7229,8.5601
07/12/2019,8.66,92683,8.6,8.6729,8.53
07/11/2019,8.55,172659,8.75,8.755,8.52
07/10/2019,8.72,176789,8.73,8.767,8.59
07/09/2019,8.54,90642,8.53,8.54,8.41
07/08/2019,8.51,118570,8.57,8.6478,8.48
07/05/2019,8.52,119792,8.49,8.6073,8.3701
07/03/2019,8.65,100617,8.81,8.81,8.58
07/02/2019,8.69,127804,8.495,8.75,8.35
07/01/2019,8.4,225113,8.53,8.62,8.33
06/28/2019,8.68,146429,8.6,8.7435,8.58
06/27/2019,8.56,154567,8.55,8.64,8.5172
06/26/2019,8.65,100940,8.56,8.7899,8.56
06/25/2019,8.68,223472,8.94,8.97,8.58
06/24/2019,8.87,326144,8.75,8.87,8.66
06/21/2019,8.66,271504,8.63,8.66,8.41
06/20/2019,8.61,446123,8.44,8.73,8.34
06/19/2019,8.03,102795,7.97,8.115,7.8741
06/18/2019,7.97,99680,8,8.0023,7.9
06/17/2019,7.8,81681,7.71,7.9096,7.7001
06/14/2019,7.74,363886,7.84,8.01,7.61
06/13/2019,7.78,75776,7.7,7.78,7.5725
06/12/2019,7.7,146346,7.65,7.74,7.6101
06/11/2019,7.5403,40698,7.27,7.56,7.27
06/10/2019,7.33,55850,7.4,7.5,7.29
06/07/2019,7.6,109629,7.64,7.695,7.55
06/06/2019,7.51,118441,7.61,7.61,7.41
06/05/2019,7.56,107768,7.74,7.78,7.49
06/04/2019,7.6,133334,7.6,7.6,7.46
06/03/2019,7.59,613862,7.32,7.59,7.19
05/31/2019,7.145,186308,7.07,7.1955,7.0096
05/30/2019,7.01,85095,6.88,7.01,6.8
05/29/2019,6.8,55058,7,7,6.77
05/28/2019,6.89,158769,6.9,7.01,6.8317
05/24/2019,6.99,58224,6.93,7.01,6.8601
05/23/2019,6.91,178175,6.99,7.1,6.89
05/22/2019,6.97,77772,7.16,7.22,6.85
05/21/2019,7.14,73614,7.2,7.25,7.1
05/20/2019,7.25,32091,7.25,7.3004,7.25
05/17/2019,7.32,35072,7.31,7.32,7.2101
05/16/2019,7.3,67862,7.45,7.52,7.25
05/15/2019,7.45,65491,7.45,7.57,7.4001
05/14/2019,7.45,112545,7.61,7.62,7.4
05/13/2019,7.58,85675,7.58,7.59,7.42
05/10/2019,7.45,70391,7.63,7.65,7.45
05/09/2019,7.64,46688,7.7815,7.8,7.6301
05/08/2019,7.82,68817,8.02,8.02,7.75
05/07/2019,7.99,47994,7.97,8.02,7.75
05/06/2019,7.86,31431,7.9,7.945,7.75
05/03/2019,7.9,39755,7.85,7.98,7.8201
05/02/2019,7.72,96871,7.89,7.9,7.7
05/01/2019,8.04,69127,8.18,8.19,8
04/30/2019,8.15,31970,8.14,8.2191,8.14
04/29/2019,8.18,66798,8.28,8.37,8.1
04/26/2019,8.34,98095,8.11,8.51,8.11
04/25/2019,7.96,99839,8.12,8.13,7.93
04/24/2019,8.06,227558,7.93,8.1486,7.93
04/23/2019,7.94,41954,7.98,8.01,7.8925
04/22/2019,7.98,38267,8.16,8.19,7.98
04/18/2019,8.19,55594,8.3,8.4,8.12
04/17/2019,8.3,78434,8.41,8.53,8.25
04/16/2019,8.45,58074,8.52,8.56,8.31
04/15/2019,8.59,42723,8.6,8.672,8.5507
04/12/2019,8.66,20199,8.65,8.7461,8.6
04/11/2019,8.62,185315,8.7,8.91,8.62
04/10/2019,8.86,33181,9.05,9.05,8.86
04/09/2019,9.03,44957,9.08,9.08,8.9301
04/08/2019,9.02,58079,8.95,9.03,8.94
04/05/2019,8.83,139197,8.86,8.93,8.7803
04/04/2019,8.89,80674,8.6,8.9188,8.52
04/03/2019,8.73,75867,8.71,8.77,8.65
04/02/2019,8.71,119119,8.57,8.75,8.57
04/01/2019,8.63,107685,8.84,8.96,8.62
03/29/2019,8.83,69102,8.94,9.1384,8.82
03/28/2019,8.94,255836,9.15,9.1756,8.8
03/27/2019,9.25,50967,9.4,9.44,9.25
03/26/2019,9.4,16069,9.37,9.43,9.29
03/25/2019,9.39,48724,9.34,9.48,9.3035
03/22/2019,9.28,58205,9.17,9.33,9.14
03/21/2019,9.25,63115,9.35,9.3585,9.0907
03/20/2019,9.27,212930,9.12,9.4,8.91
03/19/2019,9.09,110593,9.15,9.3,9.08
03/18/2019,9.0487,15814,9.15,9.15,9.0101
03/15/2019,9.06,50210,9.1,9.2099,9.0101
03/14/2019,9.03,81054,9.15,9.18,8.99
03/13/2019,9.35,201185,9.3,9.4099,9.24
03/12/2019,9.25,67398,9.11,9.27,9.11
03/11/2019,9.015,29246,9.045,9.115,8.8942
03/08/2019,9.11,80644,9.06,9.1174,8.92
03/07/2019,8.82,47614,8.79,8.85,8.7031
03/06/2019,8.75,99775,8.95,9.1,8.75
03/05/2019,8.93,69412,8.8,8.9755,8.8
03/04/2019,8.73,114871,8.75,8.8,8.65
03/01/2019,8.85,252411,9.09,9.1745,8.79
02/28/2019,9.23,40497,9.32,9.39,9.17
02/27/2019,9.35,91776,9.48,9.5662,9.25
02/26/2019,9.5,67338,9.53,9.56,9.3
02/25/2019,9.52,54032,9.5,9.62,9.4404
02/22/2019,9.47,90412,9.4599,9.6899,9.4599
02/21/2019,9.42,230242,9.42,9.71,9.291
02/20/2019,9.55,139012,9.65,9.8,9.55
02/19/2019,9.62,192652,9.26,9.63,9.21
02/15/2019,9.11,54756,9.02,9.11,8.92
02/14/2019,8.97,21668,8.87,8.97,8.8111
02/13/2019,8.8192,42419,8.9,9,8.772
02/12/2019,8.88,27872,8.928,8.96,8.8
02/11/2019,8.96,13518,8.95,8.995,8.9101
02/08/2019,8.96,26897,8.91,9.0221,8.8729
02/07/2019,8.82,52036,8.96,9.035,8.8
02/06/2019,9.01,38096,9.11,9.185,8.9784
02/05/2019,9.11,30716,8.99,9.11,8.972
02/04/2019,9.03,58030,8.96,9.065,8.826
02/01/2019,9,53693,9.14,9.145,8.9101
01/31/2019,9.07,83804,9.06,9.1554,8.992
01/30/2019,8.89,169159,8.75,9.09,8.63
01/29/2019,8.72,150085,8.55,8.74,8.5001
01/28/2019,8.4,112622,8.38,8.475,8.33
01/25/2019,8.38,226554,8.11,8.44,8.0789
01/24/2019,8.01,72731,7.9,8.02,7.9
01/23/2019,7.9,18614,7.9046,7.9999,7.88
01/22/2019,7.87,84492,8,8.04,7.78
01/18/2019,8,88125,8.01,8.16,8
01/17/2019,8.1526,50429,8.17,8.2,8.06
01/16/2019,8.17,78337,8.21,8.33,8.14
01/15/2019,8.26,66493,8.65,8.65,8.21
01/14/2019,8.63,34355,8.68,8.68,8.48
01/11/2019,8.65,36382,8.8229,8.8229,8.65
01/10/2019,8.69,37191,8.93,8.9325,8.69
01/09/2019,8.91,88551,8.73,8.9113,8.73
01/08/2019,8.71,38114,8.49,8.73,8.36
01/07/2019,8.51,38659,8.64,8.7,8.5
01/04/2019,8.57,69349,8.58,8.6927,8.31
01/03/2019,8.54,96135,8.36,8.58,8.26
01/02/2019,8.24,92547,8,8.29,7.97
12/31/2018,8.04,144239,8.02,8.1799,7.9502
12/28/2018,8.05,41888,7.95,8.1295,7.901
12/27/2018,7.91,42343,8.02,8.08,7.8917
12/26/2018,8,112991,8.14,8.235,7.88
12/24/2018,7.8962,35494,7.86,8.0158,7.8044
12/21/2018,7.93,55820,8.05,8.05,7.83
12/20/2018,8.13,69522,7.97,8.22,7.95
12/19/2018,7.7584,81331,8.19,8.4,7.7101
12/18/2018,8.17,26676,7.99,8.24,7.9412
12/17/2018,8.01,34834,7.88,8.0399,7.73
12/14/2018,7.83,74721,7.98,7.98,7.8
12/13/2018,8.0089,60984,7.98,8.08,7.8
12/12/2018,7.98,56179,7.76,8.03,7.7
12/11/2018,7.78,25071,7.87,7.92,7.74
12/10/2018,7.77,33310,7.78,7.97,7.75
12/07/2018,7.91,35689,7.73,8.005,7.73
12/06/2018,7.71,43808,7.81,7.81,7.6401
12/04/2018,7.81,105906,8,8.1178,7.71
12/03/2018,7.88,32475,7.91,7.96,7.7133
11/30/2018,7.61,21330,7.6108,7.6672,7.5394
11/29/2018,7.67,27606,7.84,7.8879,7.667
11/28/2018,7.78,47552,7.44,7.85,7.44
11/27/2018,7.49,81600,7.68,7.7483,7.4201
11/26/2018,7.7,10451,7.83,8.0587,7.68
11/23/2018,7.81,18993,8.01,8.19,7.81
11/21/2018,8.11,8506,7.94,8.1888,7.94
11/20/2018,7.91,22629,8.05,8.05,7.8
11/19/2018,8,13519,8,8.18,7.9996
11/16/2018,8.04,65192,8,8.19,7.9
11/15/2018,7.96,20201,7.78,7.98,7.77
11/14/2018,7.66,44896,7.6,7.73,7.445
11/13/2018,7.55,48140,7.7,7.84,7.5
11/12/2018,7.7,95674,8.03,8.1339,7.7
11/09/2018,8.1,38601,8,8.1,7.92
11/08/2018,8.18,27881,8.15,8.25,8.031
11/07/2018,8.16,55801,8.4,8.4,8.1027
11/06/2018,8.36,22715,8.51,8.51,8.28
11/05/2018,8.52,262764,8.48,8.6137,8.23
11/02/2018,8.48,194243,8.39,8.65,8.35
11/01/2018,8.49,138271,8.14,8.5754,8.14
10/31/2018,7.95,68121,8.1427,8.1427,7.8714
10/30/2018,8.21,29077,8.17,8.3341,8.13
10/29/2018,8.17,81012,8.3,8.4,8.13
10/26/2018,8.4,52901,8.39,8.5904,8.33
10/25/2018,8.33,67186,8.68,8.95,8.311
10/24/2018,8.72,69610,8.93,8.9613,8.619
10/23/2018,8.86,54682,9.06,9.16,8.86
10/22/2018,8.95,26187,9,9,8.861
10/19/2018,9.03,38284,9.13,9.2639,9
10/18/2018,9.12,47184,9.15,9.2599,9
10/17/2018,9.1478,20528,9.11,9.15,9.0801
10/16/2018,9.12,35058,9.23,9.3465,9.11
10/15/2018,9.15,108466,9.23,9.6,9.1215
10/12/2018,8.98,53177,9.04,9.16,8.85
10/11/2018,9.09,70594,8.63,9.1299,8.63
10/10/2018,8.63,35967,8.53,8.63,8.42
10/09/2018,8.66,11354,8.66,8.66,8.5801
10/08/2018,8.7,21798,8.5,8.7,8.47
10/05/2018,8.62,16379,8.77,8.7996,8.6
10/04/2018,8.76,18961,8.9,8.92,8.7
10/03/2018,8.78,25375,8.87,8.9094,8.62
10/02/2018,8.8,93131,8.92,9.07,8.77
10/01/2018,8.82,18402,8.68,8.82,8.607
09/28/2018,8.7,24999,8.63,8.765,8.55
09/27/2018,8.5,46835,8.6,8.6108,8.45
09/26/2018,8.7,38746,8.8527,8.8608,8.69
09/25/2018,8.87,16948,8.89,8.99,8.87
09/24/2018,8.85,23399,9.03,9.0761,8.8301
09/21/2018,8.84,15734,8.82,8.9472,8.82
09/20/2018,9,49517,9.09,9.1508,8.841
09/19/2018,8.94,37656,8.93,9.0256,8.8748
09/18/2018,8.81,13860,8.8111,8.8446,8.7578
09/17/2018,8.8,15500,8.66,8.8354,8.66
09/14/2018,8.6,27470,8.67,8.739,8.4
09/13/2018,8.67,46282,8.8,9.41,8.67
09/12/2018,8.78,56830,8.3,8.8591,8.3
09/11/2018,8.34,49303,8.3,8.35,8.2265
09/10/2018,8.39,44970,8.51,8.5964,8.39
09/07/2018,8.54,25117,8.59,8.63,8.5
09/06/2018,8.64,44691,8.68,8.855,8.5
09/05/2018,8.62,40149,8.6,8.76,8.5474
09/04/2018,8.59,99912,8.68,8.7027,8.4663
08/31/2018,8.99,16975,9,9.204,8.88
08/30/2018,9.002,26440,9.11,9.11,9
08/29/2018,9.19,6935,9.15,9.2,9.1184
08/28/2018,9.1,71344,9.48,9.4954,9.0346
08/27/2018,9.41,86040,9.23,9.4398,9.23
08/24/2018,9.18,32094,9.111,9.3,9.01
08/23/2018,8.81,106243,9.13,9.13,8.71
08/22/2018,9.15,13878,9.15,9.1976,9.086
08/21/2018,9.11,45727,9.1,9.12,8.96
08/20/2018,8.97,29235,9.05,9.05,8.9
08/17/2018,8.97,68225,8.65,8.9941,8.65
08/16/2018,8.65,72997,8.82,9.028,8.64
08/15/2018,8.75,98085,9.12,9.12,8.721
08/14/2018,9.27,32652,9.35,9.4461,9.2229
08/13/2018,9.35,127564,9.7,9.7586,9.305
08/10/2018,9.73,30444,9.93,9.93,9.715
08/09/2018,9.865,44773,9.7873,10,9.7873
08/08/2018,9.58,34765,9.7,9.7102,9.5153
08/07/2018,9.67,29607,9.9,9.9656,9.6634
08/06/2018,9.85,21162,9.82,9.93,9.82
08/03/2018,9.93,36550,9.81,9.99,9.81
08/02/2018,9.81,109096,9.96,10.0257,9.7815
08/01/2018,10.07,57396,10.2527,10.2527,10.01
07/31/2018,10.27,139565,10.15,10.3434,10.15
07/30/2018,10.15,39270,10.25,10.26,10.15
07/27/2018,10.25,30386,10.21,10.3716,10.2
07/26/2018,10.3234,96239,10.56,10.56,10.26
07/25/2018,10.61,25475,10.46,10.71,10.46
07/24/2018,10.51,26710,10.39,10.57,10.3873
07/23/2018,10.38,44580,10.48,10.4802,10.3
07/20/2018,10.4875,8305,10.38,10.5224,10.38
07/19/2018,10.35,38884,10.23,10.45,10.22
07/18/2018,10.49,37727,10.36,10.53,10.36
07/17/2018,10.44,23414,10.31,10.55,10.31
07/16/2018,10.5,23825,10.59,10.59,10.43
07/13/2018,10.6712,57826,10.54,10.72,10.54
07/12/2018,10.68,30164,10.6533,10.7699,10.6533
07/11/2018,10.63,68212,10.99,10.99,10.6
07/10/2018,11.13,32189,11.18,11.1968,11.0235
07/09/2018,11.16,35871,11.24,11.25,11.12
07/06/2018,11.09,21601,11.22,11.22,11.0648
07/05/2018,11.08,17084,11.14,11.148,11.01
07/03/2018,10.97,79192,10.86,11.16,10.8598
07/02/2018,10.7,16986,10.76,10.76,10.6411
06/29/2018,10.76,39332,10.78,10.859,10.69
06/28/2018,10.71,14591,10.69,10.7584,10.611
06/27/2018,10.79,92142,10.86,10.9,10.71
06/26/2018,10.88,18069,10.86,10.9243,10.8249
06/25/2018,10.96,29029,11.2,11.2,10.87
06/22/2018,11.2,19053,11.113,11.21,11.111
06/21/2018,11,31832,11.02,11.08,10.95
06/20/2018,11.03,28682,11.15,11.15,10.951
06/19/2018,11.04,25530,11.01,11.0414,10.82
06/18/2018,11.13,23453,11.01,11.143,11.01
06/15/2018,11.04,124475,11.33,11.4,11.0187
06/14/2018,11.42,64235,11.5,11.539,11.415
06/13/2018,11.38,96738,11.22,11.45,11.195
06/12/2018,11.2255,23147,11.05,11.25,11.04
06/11/2018,11.2,54646,11.09,11.27,11.09
06/08/2018,11.15,55026,11.26,11.26,11.101
06/07/2018,11.23,23611,11.23,11.4,10.9739
06/06/2018,11.31,46146,11.14,11.31,11.14
06/05/2018,11.11,37266,10.95,11.21,10.92
06/04/2018,11.0312,35719,11.13,11.2096,11.0001
06/01/2018,11.2033,41632,11.14,11.2345,11
05/31/2018,11.17,61355,11.19,11.48,11
05/30/2018,11.28,22554,11.3434,11.3534,11.21
05/29/2018,11.2427,55916,11.18,11.379,11.1533
05/25/2018,11.39,62573,11.63,11.639,11.3353
05/24/2018,11.61,118969,11.56,11.6288,11.4983
05/23/2018,11.4499,27934,11.51,11.51,11.28
05/22/2018,11.48,50770,11.64,11.65,11.44
05/21/2018,11.5,35009,11.38,11.51,11.23
05/18/2018,11.38,41816,11.28,11.41,11.2215
05/17/2018,11.29,17880,11.28,11.29,11.21
05/16/2018,11.23,43354,11.08,11.2999,11.08
05/15/2018,11.1431,72432,11.22,11.22,10.94
05/14/2018,11.36,86465,11.6,11.659,11.35
05/11/2018,11.55,32042,11.58,11.6542,11.51
05/10/2018,11.4751,157676,11.37,11.54,11.3026
05/09/2018,11.22,69018,11.25,11.3,11.16
05/08/2018,11.2575,31259,11.2,11.2575,11.12
05/07/2018,11.21,37600,11.25,11.37,11.21
05/04/2018,11.259,15570,11.249,11.2718,11.18
05/03/2018,11.2,49990,11.33,11.38,11.2
05/02/2018,11.19,69597,11.11,11.3799,11.11
05/01/2018,11.06,52758,10.95,11.07,10.92
04/30/2018,11.0542,73938,11,11.1344,10.94
04/27/2018,11.2044,10065,11.26,11.26,11.16
04/26/2018,11.2799,57983,11.32,11.35,11.161
04/25/2018,11.35,32730,11.15,11.4,11.15
04/24/2018,11.3029,35995,11.23,11.4,11.16
04/23/2018,11.25,80298,11.66,11.6629,11.16
04/20/2018,11.75,78602,11.73,11.88,11.6707
04/19/2018,11.745,81557,11.65,11.85,11.62
04/18/2018,11.66,146292,11.45,11.809,11.45
04/17/2018,11.28,27158,11.139,11.34,11.115
04/16/2018,11.1672,53629,11.32,11.32,11.1294
04/13/2018,11.24,65919,11.12,11.28,11.0574
04/12/2018,11.059,54843,11.12,11.12,10.96
04/11/2018,11.15,226987,11.01,11.405,11.01
04/10/2018,10.89,37530,10.8,10.929,10.76
04/09/2018,10.6812,42393,10.6,10.91,10.55
04/06/2018,10.665,15193,10.74,10.77,10.57
04/05/2018,10.7343,35904,10.56,10.7343,10.551
04/04/2018,10.6599,15062,10.65,10.7,10.5431
04/03/2018,10.5598,29159,10.6,10.6718,10.49
04/02/2018,10.69,49437,10.69,10.89,10.641
03/29/2018,10.605,34690,10.35,10.635,10.35
03/28/2018,10.4011,37715,10.57,10.57,10.37
03/27/2018,10.606,25547,10.8,10.8,10.581
03/26/2018,10.8,86101,11,11,10.74
03/23/2018,10.86,68684,10.87,10.9452,10.83
03/22/2018,10.6,33209,10.64,10.739,10.56
03/21/2018,10.689,39402,10.345,10.705,10.345
03/20/2018,10.23,28591,10.28,10.4319,10.15
03/19/2018,10.4,64067,10.56,10.56,10.351
03/16/2018,10.65,18726,10.61,10.67,10.511
03/15/2018,10.66,15478,10.879,10.879,10.64
03/14/2018,10.875,18154,10.95,10.98,10.86
03/13/2018,10.93,63639,10.96,11.009,10.8378
03/12/2018,10.9,47001,10.71,10.9,10.64
03/09/2018,10.83,62615,10.675,10.8599,10.671
03/08/2018,10.72,20110,10.65,10.72,10.512
03/07/2018,10.64,50636,10.79,10.8616,10.61
03/06/2018,10.92,58331,10.75,10.98,10.75
03/05/2018,10.53,45299,10.563,10.67,10.481
03/02/2018,10.61,49878,10.73,10.87,10.61
03/01/2018,10.58,38142,10.3,10.62,10.23
02/28/2018,10.42,35879,10.63,10.66,10.42
02/27/2018,10.67,20889,10.76,10.8484,10.67
02/26/2018,10.9,50920,10.75,10.9284,10.75
02/23/2018,10.7235,25239,10.6,10.76,10.6
02/22/2018,10.6397,38859,10.62,10.7799,10.6
02/21/2018,10.63,37643,10.67,10.9,10.54
02/20/2018,10.67,101576,10.92,11.068,10.67
02/16/2018,11.1,99065,11.42,11.42,11.04
02/15/2018,11.51,43171,11.61,11.619,11.37
02/14/2018,11.49,127750,10.8,11.5296,10.8
02/13/2018,10.74,50334,10.76,10.8199,10.645
02/12/2018,10.69,47647,10.27,10.7206,10.27
02/09/2018,10.22,164158,10.5,10.5296,9.89
02/08/2018,10.53,89886,10.55,10.68,10.5
02/07/2018,10.59,53782,10.81,10.86,10.55
02/06/2018,10.82,141722,10.87,10.949,10.71
02/05/2018,10.85,121459,10.8,11.04,10.69
02/02/2018,10.82,122982,11.17,11.27,10.82
02/01/2018,11.32,95320,11.38,11.4462,11.25
01/31/2018,11.37,72093,11.36,11.43,11.15
01/30/2018,11.15,86305,11.54,11.54,11.14
01/29/2018,11.395,151174,11.8,11.905,11.3726
01/26/2018,11.9035,42024,12.02,12.049,11.8443
01/25/2018,11.9,156180,12.27,12.43,11.79
01/24/2018,12.27,135255,12.19,12.35,12.1748
01/23/2018,11.89,88492,11.69,11.94,11.55
01/22/2018,11.791,48685,11.94,11.94,11.7801
01/19/2018,11.83,37586,11.82,11.85,11.76
01/18/2018,11.75,99926,12.11,12.14,11.7
01/17/2018,12.14,67038,12.25,12.33,12.05
01/16/2018,12.3,142160,12.27,12.39,12.17
01/12/2018,12.15,101070,12,12.169,11.931
01/11/2018,11.87,63524,11.73,11.919,11.7
01/10/2018,11.66,43876,11.45,11.72,11.45
01/09/2018,11.37,38541,11.37,11.43,11.28
01/08/2018,11.52,80654,11.53,11.6,11.4
01/05/2018,11.61,63916,11.62,11.675,11.55
01/04/2018,11.72,54751,11.52,11.72,11.441
01/03/2018,11.59,56795,11.85,11.98,11.5
01/02/2018,11.88,96220,11.51,11.9,11.43
12/29/2017,11.35,103165,11.43,11.48,11.33
12/28/2017,11.43,44076,11.37,11.49,11.325
12/27/2017,11.342,69554,11.52,11.5331,11.32
12/26/2017,11.52,129407,11.28,11.55,11.26
12/22/2017,11.3,109999,11.25,11.35,11.141
12/21/2017,11.22,92401,11.3,11.3,11.2
12/20/2017,11.26,119574,11.2,11.28,11.05
12/19/2017,11.05,58314,11,11.12,10.86
12/18/2017,10.95,78289,10.81,11,10.78
12/15/2017,10.72,98442,10.93,10.93,10.7001
12/14/2017,10.67,64299,10.77,10.7772,10.52
12/13/2017,10.8,135895,10.25,10.819,10.18
12/12/2017,10.23,82935,10.28,10.33,10.112
12/11/2017,10.2,58090,10.01,10.349,10.01
12/08/2017,10.03,78804,9.87,10.09,9.79
12/07/2017,9.86,70941,9.92,10,9.82
12/06/2017,10.05,52579,10.05,10.13,9.99
12/05/2017,10.15,89759,10.3,10.3,10.051
12/04/2017,10.35,34194,10.51,10.51,10.3299
12/01/2017,10.52,32884,10.37,10.5993,10.37
11/30/2017,10.46,63773,10.4,10.57,10.3695
11/29/2017,10.55,68868,10.56,10.68,10.47
11/28/2017,10.67,22405,10.73,10.73,10.656
11/27/2017,10.74,33452,10.93,10.9363,10.68
11/24/2017,10.8307,14918,10.88,10.919,10.82
11/22/2017,10.86,18180,10.76,11,10.76
11/21/2017,10.7,19200,10.62,10.74,10.62
11/20/2017,10.54,35068,10.58,10.642,10.486
11/17/2017,10.61,81364,10.44,10.73,10.44
11/16/2017,10.34,30324,10.29,10.38,10.29
11/15/2017,10.35,81847,10.43,10.43,10.24
11/14/2017,10.38,57782,10.5,10.534,10.301
11/13/2017,10.57,89001,10.62,10.663,10.51
11/10/2017,10.68,81228,10.9,11,10.6
11/09/2017,10.84,72887,11.18,11.18,10.84
11/08/2017,11.15,33199,11.1207,11.195,11.0701
11/07/2017,11,35409,11.12,11.14,10.9401
11/06/2017,11.09,51022,10.82,11.1599,10.82
11/03/2017,10.82,58253,11.067,11.0769,10.7901
11/02/2017,11.01,28506,11.02,11.25,11.0001
11/01/2017,11.04,61930,11.02,11.27,11.02
10/31/2017,10.94,31488,11.11,11.12,10.94
10/30/2017,11.2,64843,11.02,11.21,10.88
10/27/2017,10.96,56380,10.85,11.0122,10.74
10/26/2017,10.93,111910,11.41,11.41,10.91
10/25/2017,11.42,47651,11.45,11.4875,11.3635
10/24/2017,11.49,35683,11.5,11.53,11.49
10/23/2017,11.57,39718,11.52,11.63,11.47
10/20/2017,11.63,46534,11.7,11.71,11.54
10/19/2017,11.7,32898,11.73,11.7693,11.65
10/18/2017,11.72,18432,11.75,11.78,11.63
10/17/2017,11.74,92171,11.86,11.86,11.63
10/16/2017,11.99,70278,12.15,12.25,11.9
10/13/2017,12.17,36632,12.37,12.37,12.135
10/12/2017,12.25,28982,12.27,12.409,12.12
10/11/2017,12.3,59448,12.25,12.32,12.05
10/10/2017,12.25,105893,12.48,12.51,12.1601
10/09/2017,12.36,49151,12.37,12.47,12.35
10/06/2017,12.22,97989,12.08,12.2276,11.82
10/05/2017,12.05,98571,12.24,12.34,12.02
10/04/2017,12.22,55407,12.08,12.44,12.08
10/03/2017,12.03,55567,11.84,12.1,11.84
10/02/2017,11.86,48390,11.75,11.94,11.64
09/29/2017,11.86,18863,11.9,11.93,11.81
09/28/2017,11.85,18471,11.8,11.9352,11.7601
09/27/2017,11.81,42158,11.86,11.88,11.77
09/26/2017,12.03,87888,12.01,12.24,12
09/25/2017,12.28,33071,12.15,12.3,12.08
09/22/2017,12.17,25402,12.12,12.2494,12.12
09/21/2017,12.11,88523,11.9,12.3599,11.75
09/20/2017,12.16,86655,12.23,12.54,12
09/19/2017,12.3,41807,12.2,12.328,11.9943
09/18/2017,12.15,94155,12.38,12.503,12.1177
09/15/2017,12.58,57936,12.92,12.9429,12.58
09/14/2017,12.99,22292,12.9,12.99,12.7
09/13/2017,12.87,99050,13.21,13.29,12.8221
09/12/2017,13.28,55751,12.95,13.28,12.95
09/11/2017,12.95,81494,13.1,13.3125,12.9401
09/08/2017,13.38,61392,13.74,13.74,13.3101
09/07/2017,13.76,111688,13.64,13.81,13.6
09/06/2017,13.5,29025,13.63,13.7017,13.32
09/05/2017,13.62,123240,13.33,13.62,13.33
09/01/2017,13.22,79548,13.15,13.3,13.0083
08/31/2017,13.06,237484,12.52,13.07,12.52
08/30/2017,12.53,57618,12.68,12.7,12.52
08/29/2017,12.79,132369,12.95,13.13,12.58
08/28/2017,12.66,176889,12.05,12.72,12.05
08/25/2017,11.9713,42794,12.01,12.01,11.77
08/24/2017,11.87,28362,11.66,11.9,11.65
08/23/2017,11.72,14280,11.69,11.75,11.6001
08/22/2017,11.68,35930,11.83,11.83,11.68
08/21/2017,11.8,16783,11.76,11.85,11.7486
08/18/2017,11.78,30846,11.96,12.0381,11.75
08/17/2017,11.82,43677,11.92,12.03,11.7501
08/16/2017,11.8846,61321,11.47,11.8846,11.45
08/15/2017,11.6,42957,11.65,11.72,11.5871
08/14/2017,11.83,37938,11.92,11.98,11.81
08/11/2017,12,51882,12.1,12.1,11.9
08/10/2017,12.05,95267,11.79,12.14,11.79
08/09/2017,11.64,70110,11.72,11.74,11.57
08/08/2017,11.42,46580,11.55,11.65,11.3705
08/07/2017,11.5,57653,11.51,11.589,11.395
08/04/2017,11.55,49393,11.88,12.05,11.5301
08/03/2017,12.06,19956,12.27,12.28,12.06
08/02/2017,12.36,36592,12.52,12.53,12.32
08/01/2017,12.56,20496,12.55,12.75,12.55
07/31/2017,12.63,19506,12.73,12.82,12.59
07/28/2017,12.7,51849,12.5,12.7054,12.5
07/27/2017,12.38,46499,12.8,12.8,12.341
07/26/2017,12.71,22226,12.22,12.74,12.21
07/25/2017,12.34,10791,12.26,12.3999,12.25
07/24/2017,12.28,49464,12.42,12.42,12.21
07/21/2017,12.36,53418,12.5,12.5699,12.36
07/20/2017,12.39,55471,12.33,12.46,12.2794
07/19/2017,12.32,31703,12.38,12.4572,12.231
07/18/2017,12.32,71284,12.29,12.39,12.23
07/17/2017,12.16,39673,12.12,12.25,12.12
07/14/2017,11.93,32662,11.92,12.07,11.92
07/13/2017,11.69,25150,11.83,11.92,11.61
07/12/2017,11.86,25809,11.88,11.95,11.82
07/11/2017,11.74,31311,11.57,11.74,11.43
07/10/2017,11.56,44730,11.25,11.6,11.25
07/07/2017,11.28,69354,11.52,11.705,11.25
07/06/2017,11.6,30457,11.65,11.7275,11.53
07/05/2017,11.69,65743,11.78,11.78,11.5001
07/03/2017,11.79,56884,12,12.0401,11.5
06/30/2017,12.16,29331,12.05,12.255,12.05
06/29/2017,12.12,30614,12.31,12.4,12.061
06/28/2017,12.43,47428,12.18,12.43,12.12
06/27/2017,12.16,42559,12.29,12.3708,12.1484
06/26/2017,12.16,48419,12,12.27,12
06/23/2017,12.2,42355,12,12.2,11.98
06/22/2017,11.82,52742,11.86,12.05,11.82
06/21/2017,11.61,31051,11.47,11.729,11.47
06/20/2017,11.55,28715,11.68,11.7,11.5
06/19/2017,11.76,27928,11.9,12.59,11.745
06/16/2017,11.89,36913,11.89,12.05,11.79
06/15/2017,11.88,34092,12,12.2,11.6549
06/14/2017,12.11,56456,12.86,12.86,12.0301
06/13/2017,12.63,13992,12.41,12.673,12.39
06/12/2017,12.46,32591,12.46,12.5599,12.44
06/09/2017,12.59,90277,12.49,12.7091,12.2111
06/08/2017,12.79,63513,12.78,12.84,12.6189
06/07/2017,12.95,86166,13.03,13.1529,12.85
06/06/2017,13.1,86267,12.75,13.101,12.68
06/05/2017,12.47,48546,12.54,12.54,12.32
06/02/2017,12.51,20372,12.59,12.62,12.49
06/01/2017,12.49,80676,12.4,12.5618,12.147
05/31/2017,12.51,41500,12.6,12.6705,12.35
05/30/2017,12.61,22202,12.9,12.9,12.61
05/26/2017,12.94,20594,12.86,12.9907,12.8001
05/25/2017,12.66,30443,12.67,12.78,12.56
05/24/2017,12.68,89634,12.7,12.82,12.43
05/23/2017,12.72,60718,13.03,13.1689,12.6901
05/22/2017,13.03,30385,12.94,13.0899,12.917
05/19/2017,12.77,49596,12.88,13,12.75
05/18/2017,12.66,48069,13.1,13.1,12.66
05/17/2017,13.1,148781,13.2,13.39,13.04
05/16/2017,12.94,44562,12.77,12.9535,12.77
05/15/2017,12.75,135574,12.76,12.99,12.57
05/12/2017,12.59,86566,12.47,12.6891,12.4
05/11/2017,12.33,72585,11.86,12.3399,11.86
05/10/2017,11.86,46940,11.61,12,11.61
05/09/2017,11.58,243616,11.33,11.636,11.33
05/08/2017,11.61,53626,11.63,11.7109,11.44
05/05/2017,11.7,67362,11.32,11.79,11.23
05/04/2017,11.27,108075,11.75,11.75,11.23
05/03/2017,11.9,54654,12.04,12.24,11.8128
05/02/2017,11.93,30664,12.01,12.1355,11.93
05/01/2017,12.01,85403,12.36,12.36,11.96
04/28/2017,12.36,74181,12.16,12.44,12.16
04/27/2017,12.18,64486,12.41,12.44,12.03
04/26/2017,12.43,85517,12.25,12.599,12.19
04/25/2017,12.29,159804,12.66,12.66,12.12
04/24/2017,12.81,33816,12.64,12.9058,12.64
04/21/2017,12.98,32610,12.94,13.1494,12.9
04/20/2017,12.98,24633,12.86,13.05,12.79
04/19/2017,12.89,118874,13.28,13.3,12.81
04/18/2017,13.46,89390,13.4,13.46,13.2
04/17/2017,13.49,58791,13.88,13.9332,13.4
04/13/2017,13.78,61841,13.95,14.02,13.751
04/12/2017,13.8162,29256,13.85,13.85,13.5415
04/11/2017,13.81,84637,13.61,13.89,13.571
04/10/2017,13.39,94860,13.28,13.41,13.09
04/07/2017,13.45,98684,13.76,13.822,13.3101
04/06/2017,13.43,22224,13.28,13.48,13.22
04/05/2017,13.32,36280,13.25,13.35,13
04/04/2017,13.35,81209,13.35,13.579,13.25
04/03/2017,13.15,67174,12.87,13.2162,12.76
03/31/2017,12.9455,41050,12.78,13.05,12.7001
03/30/2017,12.75,43519,12.78,12.88,12.51
03/29/2017,12.88,53754,12.69,12.99,12.6541
03/28/2017,12.7576,80327,13.14,13.14,12.63
03/27/2017,13.09,78912,13.1,13.1899,12.83
03/24/2017,12.79,25517,12.82,12.95,12.78
03/23/2017,12.92,78748,13.18,13.23,12.68
03/22/2017,13.05,52540,13.25,13.25,12.95
03/21/2017,13.14,148425,13.05,13.2799,12.88
03/20/2017,12.9845,44939,12.94,12.99,12.73
03/17/2017,12.79,126555,13.09,13.1965,12.73
03/16/2017,13.06,121876,13.48,13.7229,12.9991
03/15/2017,13.16,209031,12.15,13.16,12.15
03/14/2017,12.166,104859,12.77,12.8084,12.1035
03/13/2017,12.77,133801,12.58,12.9,12.46
03/10/2017,12.46,63704,11.99,12.55,11.99
03/09/2017,11.97,70825,12.1,12.2499,11.88
03/08/2017,12.08,176363,12.12,12.31,12.08
03/07/2017,12.41,189307,12.28,12.6311,12.25
03/06/2017,12.51,188355,13.18,13.18,12.43
03/03/2017,13.18,197766,12.87,13.2,12.66
03/02/2017,12.97,351766,13.7,13.979,12.93
03/01/2017,14.14,171374,13.55,14.179,13.51
02/28/2017,13.84,253284,13.9,14.2971,13.7
02/27/2017,13.7,283516,14.72,15.1099,13.7
02/24/2017,14.81,158647,15.34,15.34,14.72
02/23/2017,14.98,111504,15.07,15.25,14.96
02/22/2017,14.82,213746,15.12,15.1339,14.5403
02/21/2017,15.12,251604,15.01,15.33,14.74
02/17/2017,15.17,81948,15.43,15.43,15.1518
02/16/2017,15.34,163131,15.31,15.5,15.26
02/15/2017,15.13,183973,15.26,15.2983,14.91
02/14/2017,15.4428,116049,15.77,15.77,15.2209
02/13/2017,15.43,141192,15.49,15.65,15.41
02/10/2017,15.63,189995,15.1,15.74,15.0941
02/09/2017,15.26,334542,16.13,16.13,15.19
02/08/2017,16.04,164892,16.21,16.27,15.91
02/07/2017,15.91,225741,15.91,16.23,15.7329
02/06/2017,15.9477,195766,15.67,15.97,15.3977
02/03/2017,15.29,214998,15.33,15.47,15.13
02/02/2017,15.24,311578,15.47,15.5,15.1601
02/01/2017,15.08,130999,14.65,15.1,14.52
01/31/2017,14.88,96089,14.63,14.92,14.63
01/30/2017,14.33,89284,14.54,14.56,14.19
01/27/2017,14.36,57050,13.91,14.4052,13.85
01/26/2017,13.98,101490,13.99,14.1,13.75
01/25/2017,14.39,128673,14.3,14.59,14.15
01/24/2017,14.63,126004,14.88,15.06,14.45
01/23/2017,14.801,189388,14.5,14.87,14.5
01/20/2017,14.38,81482,14.29,14.5399,14.06
01/19/2017,14.2,118819,14,14.272,13.81
01/18/2017,14.2899,118239,14.7,14.8,14.101
01/17/2017,14.63,279401,14.73,15.03,14.5246
01/13/2017,14.1965,108696,13.8,14.2107,13.6001
01/12/2017,13.82,179330,14.36,14.4,13.63
01/11/2017,14.01,130222,14.02,14.18,13.52
01/10/2017,14.09,126265,13.97,14.4,13.8807
01/09/2017,13.71,166796,13.95,14.0517,13.64
01/06/2017,13.61,187632,14,14.109,13.27
01/05/2017,14.21,328825,13.47,14.33,13.43
01/04/2017,13.07,121354,13,13.1259,12.75
01/03/2017,12.79,188084,12.14,12.79,12.14
12/30/2016,12.03,194020,12.75,12.9692,11.9313
12/29/2016,12.64,209279,11.9,12.6653,11.9
12/28/2016,11.82,103541,11.81,11.83,11.55
12/27/2016,11.78,131095,11.38,11.84,11.34
12/23/2016,11.32,87618,11.17,11.3385,11.15
12/22/2016,11.18,90899,11.17,11.4899,11.16
12/21/2016,11.24,102888,11.28,11.4751,11.195
12/20/2016,11.29,165536,11.21,11.5188,11
12/19/2016,11.6,96195,11.8,11.87,11.4
12/16/2016,11.77,121614,11.8,11.93,11.2401
12/15/2016,11.72,252334,12.17,12.17,11.58
12/14/2016,12.56,103038,13.29,13.589,12.56
12/13/2016,13.24,37087,13.07,13.34,12.98
12/12/2016,12.97,121991,12.81,13.2411,12.81
12/09/2016,12.78,248076,13.55,13.58,12.77
12/08/2016,13.58,73523,13.86,13.96,13.48
12/07/2016,13.83,101796,13.8,14.16,13.754
12/06/2016,13.59,68347,13.59,14.04,13.5401
12/05/2016,13.69,102308,13.45,13.9141,13.19
12/02/2016,13.6,87462,12.73,13.6,12.73
12/01/2016,12.76,86387,12.75,13.039,12.37
11/30/2016,12.82,75533,12.84,12.92,12.6
11/29/2016,12.9758,37209,12.58,13.0098,12.58
11/28/2016,12.88,62566,12.58,12.94,12.58
11/25/2016,12.55,117217,12.46,12.68,12.46
11/23/2016,12.44,142540,12.81,12.81,12.35
11/22/2016,13.29,86385,13.03,13.3042,12.75
11/21/2016,13.03,91976,12.85,13.2098,12.818
11/18/2016,12.66,75251,12.54,12.73,12.41
11/17/2016,12.75,208474,13.18,13.44,12.52
11/16/2016,13,79853,13.38,13.38,12.851
11/15/2016,13.27,130725,12.42,13.3257,12.42
11/14/2016,12.33,431968,12.06,12.69,11.73
11/11/2016,12.37,395777,13.61,13.61,12.3
11/10/2016,13.58,195880,14.51,14.51,13.51
11/09/2016,14.52,209610,15.12,15.5766,14.2692
11/08/2016,14.14,77537,14.26,14.55,13.911
11/07/2016,14.16,153915,14.06,14.26,13.9
11/04/2016,14.45,100993,14.65,14.82,14.226
11/03/2016,14.71,107683,14.37,14.79,14.3568
11/02/2016,14.52,244977,14.91,15.22,14.4
11/01/2016,14.57,224507,14.5,14.88,14.25
10/31/2016,14.08,74719,13.77,14.11,13.74
10/28/2016,13.76,127686,13.7,14.03,13.59
10/27/2016,13.8,52108,14,14.23,13.741
10/26/2016,14.01,57854,14.5,14.515,13.82
10/25/2016,14.48,64290,14.14,14.6,14.14
10/24/2016,14.06,57188,14.63,14.6999,13.94
10/21/2016,14.43,64170,14.34,14.5,14.31
10/20/2016,14.5,61107,14.74,14.74,14.3225
10/19/2016,14.64,130177,14.55,14.78,14.35
10/18/2016,14.28,54109,14.01,14.28,13.84
10/17/2016,13.67,118869,13.51,13.75,13.5
10/14/2016,13.51,76715,13.8,13.9392,13.451
10/13/2016,13.82,69889,13.66,14.04,13.5502
10/12/2016,13.56,119729,13.41,13.746,13.4
10/11/2016,13.46,105114,13.85,13.85,13.401
10/10/2016,13.9,135995,13.98,14.14,13.84
10/07/2016,13.67,174632,13.71,14.0299,13.3851
10/06/2016,13.3545,259418,13.31,13.57,13.07
10/05/2016,13.77,300144,13.89,14.0556,13.47
10/04/2016,13.8,572495,14.95,14.95,13.78
10/03/2016,15.36,148453,15.45,15.74,15.21
09/30/2016,15.52,176631,16.19,16.2,15.5
09/29/2016,15.66,86870,15.74,15.9442,15.5901
09/28/2016,15.83,148090,15.27,15.9,15.12
09/27/2016,15.47,200208,15.44,15.56,15.137
09/26/2016,15.69,276759,16.06,16.3184,15.65
09/23/2016,16.08,131868,16.54,16.72,16.01
09/22/2016,16.73,321681,17.38,17.5,16.54
09/21/2016,17,341895,16.35,17.08,16.1701
09/20/2016,15.94,72443,15.91,15.95,15.685
09/19/2016,15.79,103675,16.08,16.24,15.72
09/16/2016,15.65,107714,15.76,15.9564,15.4703
09/15/2016,15.87,84049,15.87,16.2399,15.43
09/14/2016,15.83,257426,16.12,16.38,15.79
09/13/2016,15.75,328907,16.76,16.76,15.58
09/12/2016,16.8,623538,16.09,16.9999,15.81
09/09/2016,16.47,723311,17.69,17.69,16.4
09/08/2016,17.95,146797,18.21,18.2999,17.81
09/07/2016,18.14,257252,18.05,18.159,17.5538
09/06/2016,18.08,476761,17.41,18.11,17.129
09/02/2016,16.75,282600,16.43,16.7884,16.16
09/01/2016,15.81,221368,15.19,15.9,15
08/31/2016,15.41,311813,15.49,15.685,15.2
08/30/2016,15.71,394198,16.68,16.727,15.56
08/29/2016,16.79,228553,16.44,16.93,16.42
08/26/2016,16.7,312503,16.72,17.3979,16.39
08/25/2016,16.35,445533,16.01,16.8099,15.73
08/24/2016,16.11,806414,17.62,17.75,16.0301
08/23/2016,17.75,131026,18.14,18.24,17.74
08/22/2016,17.96,356057,18.08,18.185,17.7
08/19/2016,18.49,273920,18.9,18.9,18.42
08/18/2016,19.23,190024,19.13,19.2927,18.9301
08/17/2016,18.89,284432,19.23,19.28,18.4401
08/16/2016,19.35,250611,19.41,19.48,19.12
08/15/2016,19.2,186693,19.24,19.44,19.1383
08/12/2016,19.1865,303889,19.65,19.684,19.0101
08/11/2016,19.31,268319,19.43,19.78,19.0801
08/10/2016,19.26,325826,19.53,19.6,18.9701
08/09/2016,18.87,319940,18.9,19.1699,18.81
08/08/2016,18.7,293953,18.27,18.939,18.21
08/05/2016,18.28,263682,18.3,18.5,17.85
08/04/2016,18.85,173106,18.85,18.97,18.75
08/03/2016,18.75,191437,18.78,18.8499,18.3601
08/02/2016,18.88,507470,18.85,19.2699,18.71
08/01/2016,18.6,485058,18.34,18.6,18.1001
07/29/2016,18.05,350278,17.88,18.2299,17.634
07/28/2016,17.59,1170252,17.44,17.7,17.26
07/27/2016,17.19,259080,16.43,17.355,16.25
07/26/2016,16.35,135037,15.8,16.48,15.8
07/25/2016,15.71,414728,15.97,16.1,15.41
07/22/2016,16.46,80803,16.32,16.57,16.1913
07/21/2016,16.5,314262,15.89,16.58,15.8201
07/20/2016,15.76,392857,16.51,16.6124,15.65
07/19/2016,17.02,139091,17.11,17.33,16.9201
07/18/2016,17.31,200950,17.4,17.4,17.02
07/15/2016,17.37,256942,17.29,17.599,17.17
07/14/2016,17.62,233241,17.41,17.62,16.87
07/13/2016,17.42,311988,17.05,17.5,16.79
07/12/2016,16.63,347813,17.41,17.42,16.51
07/11/2016,17.2,531324,16.83,17.41,16.65
07/08/2016,16.83,214522,15.94,16.84,15.94
07/07/2016,15.91,296880,16.63,16.7199,15.85
07/06/2016,16.72,290232,16.48,16.7389,16.26
07/05/2016,16.07,498465,16.16,16.42,15.51
07/01/2016,15.87,619060,15.23,16,15.0001
06/30/2016,14.65,238989,14.47,14.679,14.16
06/29/2016,14.25,244437,13.79,14.38,13.79
06/28/2016,13.54,157939,13.07,13.65,13.07
06/27/2016,13.46,149532,13.89,13.97,13.07
06/24/2016,13.6601,323809,14.73,15.15,13.51
06/23/2016,13.44,95167,13.27,13.49,13.27
06/22/2016,13.36,146592,13.33,13.37,12.94
06/21/2016,13.37,187820,13.34,13.38,13.1
06/20/2016,13.53,205137,13.07,13.6899,12.76
06/17/2016,13.47,162413,13.76,13.88,13.2945
06/16/2016,13.44,331279,14.42,14.49,13.3301
06/15/2016,13.99,210816,13.5,14.12,13.42
06/14/2016,13.48,130723,14.01,14.01,13.15
06/13/2016,13.86,176498,14.02,14.115,13.636
06/10/2016,13.86,249682,14.18,14.405,13.75
06/09/2016,14.09,202370,13.86,14.11,13.755
06/08/2016,13.88,296597,13.76,14.035,13.6
06/07/2016,13.11,253792,13.3,13.34,13.0101
06/06/2016,13.41,327419,13.37,13.41,13.0101
06/03/2016,13.04,238067,12.43,13.0499,12.43
06/02/2016,11.78,94879,11.81,11.9399,11.5644
06/01/2016,11.63,115926,11.61,11.95,11.5
05/31/2016,11.71,313938,11.43,11.9699,11.059
05/27/2016,11.53,409867,11.95,12.0799,11.5001
05/26/2016,12.18,228141,12.37,12.6999,12.1
05/25/2016,12.11,259635,11.7,12.28,11.3801
05/24/2016,11.84,281665,12.44,12.55,11.83
05/23/2016,12.79,215866,12.79,13.12,12.497
05/20/2016,12.95,291097,13.04,13.149,12.47
05/19/2016,12.74,304090,12.12,12.8998,11.95
05/18/2016,12.81,325585,13.66,13.8039,12.64
